{"simulator": "SVL", "simulator_config": {"addr": "127.0.0.1", "port": 8181}, "map_name": "SanFrancisco", "weather": {"rain": 0.04046614019654929, "fog": 0.2925205150544248, "wetness": 0.01993765232702611, "cloudiness": 0.7194488222136262, "damage": 0.09555439571691893}, "time_of_day": 12, "agents": [{"id": "aut", "agent_type": "EGO", "model_name": "Lincoln2017MKZ", "init_state": {"position": {"x": 242.31815490734985, "y": 164.21159913920306}, "heading": 4.717548305056056, "velocity": {"x": 0.021510039553738144, "y": -4.1691209736890436}, "angular_velocity": 0, "width": 0, "length": 0}, "controller": {"controller_name": "apollo_controller", "parameters": {"destination": {"x": 233.8147743142691, "y": 21.45075784727797}, "address": "localhost", "dreamview_port": 8888, "bridge_port": 9090, "enable_modules": ["Localization", "Transform", "Routing", "Prediction", "Planning", "Control"]}}, "config": {}}, {"id": "npc0", "agent_type": "NPC", "model_name": "SchoolBus", "init_state": {"position": {"x": 238.23411063762325, "y": 89.17967091782397}, "heading": 4.704373970533557, "velocity": {"x": -0.0, "y": -0.0}, "angular_velocity": 0, "width": 0, "length": 0}, "controller": {"controller_name": "lane_follow_controller", "parameters": {"max_speed": 14.465656190335892}}, "config": {"color": {"R": 0.9518575425992686, "G": 0.46739844994226154, "B": 0.14029401216740023}}}, {"id": "ped0", "agent_type": "PEDESTRIAN", "model_name": "Zoe", "init_state": {"position": {"x": 248.15138331909958, "y": 173.0360654089454}, "heading": 0.0, "velocity": {"x": 0, "y": 0}, "angular_velocity": 0, "width": 0, "length": 0}, "controller": {"controller_name": "single_destination_controller", "parameters": {"destination": {"x": 232.1899350896455, "y": 172.99272633428276}, "speed": 1.6647214486568123, "trigger_distance": 32.084794635779396}}, "config": {}}], "static_items": [], "traffic_lights_control": [], "record_traffic_lights": [], "duration": 120, "time_step": 0.1, "aut_id": "aut"}