{
  "simulator": "SVL",
  "simulator_config": {
    "addr": "127.0.0.1",
    "port": 8181
  },
  "map_name": "SanFrancisco",
  "weather": {
    "rain": 0.0,
    "fog": 0.08184296312043232,
    "wetness": 0.0,
    "cloudiness": 0.14534491257619134,
    "damage": 0.5006685584418615
  },
  "time_of_day": 12,
  "agents": [
    {
      "id": "aut",
      "agent_type": "EGO",
      "model_name": "Lincoln2017MKZ",
      "init_state": {
        "position": {
          "x": -313.5893013779303,
          "y": 15.678723616275695
        },
        "heading": 1.5938710523327628,
        "velocity": {
          "x": -0.08770593512894788,
          "y": 3.800277853646211
        },
        "angular_velocity": 0,
        "width": 0,
        "length": 0
      },
      "controller": {
        "controller_name": "apollo_controller",
        "parameters": {
          "destination": {
            "x": -290.68955108508436,
            "y": 165.0691274206967
          },
          "address": "localhost",
          "dreamview_port": 8888,
          "bridge_port": 9090,
          "enable_modules": [
            "Localization",
            "Transform",
            "Routing",
            "Prediction",
            "Planning",
            "Control"
          ]
        }
      },
      "config": {}
    },
    {
      "id": "npc0",
      "agent_type": "NPC",
      "model_name": "Hatchback",
      "init_state": {
        "position": {
          "x": -302.8018357184642,
          "y": 66.36432614820374
        },
        "heading": 1.591767439597631,
        "velocity": {
          "x": -0.0,
          "y": 0.0
        },
        "angular_velocity": 0,
        "width": 0,
        "length": 0
      },
      "controller": {
        "controller_name": "lane_follow_controller",
        "parameters": {
          "max_speed": 8.22726977606821
        }
      },
      "config": {
        "color": {
          "R": 0.20595502450104053,
          "G": 0.0038881502914613897,
          "B": 0.5294955776016325
        }
      }
    },
    {
      "id": "npc1",
      "agent_type": "NPC",
      "model_name": "Jeep",
      "init_state": {
        "position": {
          "x": -309.6292208156195,
          "y": 15.67872355983581
        },
        "heading": 1.5938715415632434,
        "velocity": {
          "x": -0.0,
          "y": 0.0
        },
        "angular_velocity": 0,
        "width": 0,
        "length": 0
      },
      "controller": {
        "controller_name": "lane_follow_controller",
        "parameters": {
          "max_speed": 6.553961169556477
        }
      },
      "config": {
        "color": {
          "R": 0.24533774410271125,
          "G": 0.9247226382164577,
          "B": 0.27194784613928036
        }
      }
    },
    {
      "id": "npc2",
      "agent_type": "NPC",
      "model_name": "BoxTruck",
      "init_state": {
        "position": {
          "x": -307.00369021972676,
          "y": 75.66274563326768
        },
        "heading": 1.5938733830612892,
        "velocity": {
          "x": -0.0,
          "y": 0.0
        },
        "angular_velocity": 0,
        "width": 0,
        "length": 0
      },
      "controller": {
        "controller_name": "lane_follow_controller",
        "parameters": {
          "max_speed": 5.804885874592283
        }
      },
      "config": {
        "color": {
          "R": 0.8263640261845306,
          "G": 0.3871698913764521,
          "B": 0.8235833038143449
        }
      }
    },
    {
      "id": "npc3",
      "agent_type": "NPC",
      "model_name": "Jeep",
      "init_state": {
        "position": {
          "x": -304.7993913832704,
          "y": 120.55918930546312
        },
        "heading": 1.4040550797232758,
        "velocity": {
          "x": 0.0,
          "y": 0.0
        },
        "angular_velocity": 0,
        "width": 0,
        "length": 0
      },
      "controller": {
        "controller_name": "lane_follow_controller",
        "parameters": {
          "max_speed": 13.021343914132876
        }
      },
      "config": {
        "color": {
          "R": 0.7886650246934659,
          "G": 0.7941044074315468,
          "B": 0.7332525784980868
        }
      }
    },
    {
      "id": "npc4",
      "agent_type": "NPC",
      "model_name": "SUV",
      "init_state": {
        "position": {
          "x": -302.8107556609895,
          "y": 96.36099249163917
        },
        "heading": 1.560347810068076,
        "velocity": {
          "x": 0.0,
          "y": 0.0
        },
        "angular_velocity": 0,
        "width": 0,
        "length": 0
      },
      "controller": {
        "controller_name": "lane_follow_controller",
        "parameters": {
          "max_speed": 14.413940361049322
        }
      },
      "config": {
        "color": {
          "R": 0.9178013817084996,
          "G": 0.9126799652603856,
          "B": 0.6338797808661479
        }
      }
    },
    {
      "id": "ped0",
      "agent_type": "PEDESTRIAN",
      "model_name": "Robin",
      "init_state": {
        "position": {
          "x": -268.16077340881026,
          "y": 210.42008810489767
        },
        "heading": 0.0,
        "velocity": {
          "x": 0,
          "y": 0
        },
        "angular_velocity": 0,
        "width": 0,
        "length": 0
      },
      "controller": {
        "controller_name": "single_destination_controller",
        "parameters": {
          "destination": {
            "x": -281.5643402224208,
            "y": 219.24669449963542
          },
          "speed": 1.388405270450189,
          "trigger_distance": 35.986970536237976
        }
      },
      "config": {}
    },
    {
      "id": "ped1",
      "agent_type": "PEDESTRIAN",
      "model_name": "Stephen",
      "init_state": {
        "position": {
          "x": -266.01790175387833,
          "y": 213.24449791356523
        },
        "heading": 0.0,
        "velocity": {
          "x": 0,
          "y": 0
        },
        "angular_velocity": 0,
        "width": 0,
        "length": 0
      },
      "controller": {
        "controller_name": "single_destination_controller",
        "parameters": {
          "destination": {
            "x": -279.87840452715716,
            "y": 222.27162880097802
          },
          "speed": 2.0981071786172474,
          "trigger_distance": 39.05535674111981
        }
      },
      "config": {}
    },
    {
      "id": "ped2",
      "agent_type": "PEDESTRIAN",
      "model_name": "Presley",
      "init_state": {
        "position": {
          "x": -263.65724095711835,
          "y": 216.3559644794514
        },
        "heading": 0.0,
        "velocity": {
          "x": 0,
          "y": 0
        },
        "angular_velocity": 0,
        "width": 0,
        "length": 0
      },
      "controller": {
        "controller_name": "single_destination_controller",
        "parameters": {
          "destination": {
            "x": -281.8680472653449,
            "y": 218.70177819334845
          },
          "speed": 2.168083019568592,
          "trigger_distance": 30.182604780877373
        }
      },
      "config": {}
    },
    {
      "id": "ped3",
      "agent_type": "PEDESTRIAN",
      "model_name": "Bob",
      "init_state": {
        "position": {
          "x": -280.5085039380042,
          "y": 221.14109379511657
        },
        "heading": 0.0,
        "velocity": {
          "x": 0,
          "y": 0
        },
        "angular_velocity": 0,
        "width": 0,
        "length": 0
      },
      "controller": {
        "controller_name": "single_destination_controller",
        "parameters": {
          "destination": {
            "x": -266.81771269328743,
            "y": 212.19030791709602
          },
          "speed": 1.664562738096617,
          "trigger_distance": 33.78183207934712
        }
      },
      "config": {}
    },
    {
      "id": "ped4",
      "agent_type": "PEDESTRIAN",
      "model_name": "Pamela",