{
  "simulator": "SVL",
  "simulator_config": {
    "addr": "127.0.0.1",
    "port": 8181
  },
  "map_name": "SanFrancisco",
  "weather": {
    "rain": 0.0,
    "fog": 0.09288695540977218,
    "wetness": 0.0,
    "cloudiness": 0.2355996178123357,
    "damage": 0.4247712153015169
  },
  "time_of_day": 12,
  "agents": [
    {
      "id": "aut",
      "agent_type": "EGO",
      "model_name": "Lincoln2017MKZ",
      "init_state": {
        "position": {
          "x": 144.7263466283526,
          "y": 189.87056323532923
        },
        "heading": 6.282236918946974,
        "velocity": {
          "x": 8.632796502475262,
          "y": -0.008187245071375705
        },
        "angular_velocity": 0,
        "width": 0,
        "length": 0
      },
      "controller": {
        "controller_name": "apollo_controller",
        "parameters": {
          "destination": {
            "x": 233.8147743142691,
            "y": 21.45075784727797
          },
          "address": "localhost",
          "dreamview_port": 8888,
          "bridge_port": 9090,
          "enable_modules": [
            "Localization",
            "Transform",
            "Routing",
            "Prediction",
            "Planning",
            "Control"
          ]
        }
      },
      "config": {}
    },
    {
      "id": "npc0",
      "agent_type": "NPC",
      "model_name": "Sedan",
      "init_state": {
        "position": {
          "x": 174.6642121417498,
          "y": 193.7722036101141
        },
        "heading": 0.000412045438941539,
        "velocity": {
          "x": 0.0,
          "y": 0.0
        },
        "angular_velocity": 0,
        "width": 0,
        "length": 0
      },
      "controller": {
        "controller_name": "lane_follow_controller",
        "parameters": {
          "max_speed": 11.263818095349965
        }
      },
      "config": {
        "color": {
          "R": 0.2562295279280784,
          "G": 0.7319246051545296,
          "B": 0.3962947129940956
        }
      }
    },
    {
      "id": "npc1",
      "agent_type": "NPC",
      "model_name": "BoxTruck",
      "init_state": {
        "position": {
          "x": 221.73097429850037,
          "y": 254.09858822798597
        },
        "heading": 5.39053970166482,
        "velocity": {
          "x": 0.0,
          "y": -0.0
        },
        "angular_velocity": 0,
        "width": 0,
        "length": 0
      },
      "controller": {
        "controller_name": "lane_follow_controller",
        "parameters": {
          "max_speed": 5.73384824021953
        }
      },
      "config": {
        "color": {
          "R": 0.2865573261560488,
          "G": 0.32582070993865575,
          "B": 0.298166413911929
        }
      }
    },
    {
      "id": "npc2",
      "agent_type": "NPC",
      "model_name": "SchoolBus",
      "init_state": {
        "position": {
          "x": 166.74706033770087,
          "y": 305.5844511615112
        },
        "heading": 5.679559513407038,
        "velocity": {
          "x": 0.0,
          "y": -0.0
        },
        "angular_velocity": 0,
        "width": 0,
        "length": 0
      },
      "controller": {
        "controller_name": "lane_follow_controller",
        "parameters": {
          "max_speed": 12.389908743216946
        }
      },
      "config": {
        "color": {
          "R": 0.823506018409792,
          "G": 0.5858187990827147,
          "B": 0.24023046604928433
        }
      }
    },
    {
      "id": "ped0",
      "agent_type": "PEDESTRIAN",
      "model_name": "Zoe",
      "init_state": {
        "position": {
          "x": 232.01215954235977,
          "y": 176.75874665248432
        },
        "heading": 0.0,
        "velocity": {
          "x": 0,
          "y": 0
        },
        "angular_velocity": 0,
        "width": 0,
        "length": 0
      },
      "controller": {
        "controller_name": "single_destination_controller",
        "parameters": {
          "destination": {
            "x": 248.19652631244765,
            "y": 171.8326556493383
          },
          "speed": 2.383163240198024,
          "trigger_distance": 33.91069685169445
        }
      },
      "config": {}
    }
  ],
  "static_items": [],
  "traffic_lights_control": [
    {
      "traffic_light": "signal_20",
      "init_color": "RED",
      "trigger_distance": 29.806141173416695,
      "yellow_light_time": 3
    },
    {
      "traffic_light": "signal_19",
      "init_color": "GREEN",
      "trigger_distance": 39.04104898338075,
      "yellow_light_time": 3
    },
    {
      "traffic_light": "signal_18",
      "init_color": "GREEN",
      "trigger_distance": 123.31584925547959,
      "yellow_light_time": 3
    },
    {
      "traffic_light": "signal_21",
      "init_color": "RED",
      "trigger_distance": 52.06686398645541,
      "yellow_light_time": 3
    }
  ],
  "record_traffic_lights": [
    "signal_21"
  ],
  "duration": 120,
  "time_step": 0.1,
  "aut_id": "aut"
}