{
  "simulator": "SVL",
  "simulator_config": {
    "addr": "127.0.0.1",
    "port": 8181
  },
  "map_name": "SanFrancisco",
  "weather": {
    "rain": 0.010014627630808005,
    "fog": 0.009654269501292178,
    "wetness": 0.11028461738441805,
    "cloudiness": 0.7977603023375515,
    "damage": 0.16282677104649335
  },
  "time_of_day": 12,
  "agents": [
    {
      "id": "aut",
      "agent_type": "EGO",
      "model_name": "Lincoln2017MKZ",
      "init_state": {
        "position": {
          "x": 511.514863427966,
          "y": 280.4233059538254
        },
        "heading": 3.973697194764887,
        "velocity": {
          "x": -7.573486659768792,
          "y": -8.316175349831266
        },
        "angular_velocity": 0,
        "width": 0,
        "length": 0
      },
      "controller": {
        "controller_name": "apollo_controller",
        "parameters": {
          "destination": {
            "x": 463.3801178977007,
            "y": 22.028253516047716
          },
          "address": "localhost",
          "dreamview_port": 8888,
          "bridge_port": 9090,
          "enable_modules": [
            "Localization",
            "Transform",
            "Routing",
            "Prediction",
            "Planning",
            "Control"
          ]
        }
      },
      "config": {}
    },
    {
      "id": "npc0",
      "agent_type": "NPC",
      "model_name": "BoxTruck",
      "init_state": {
        "position": {
          "x": 491.7896497528587,
          "y": 238.81257677668847
        },
        "heading": 4.144826831889939,
        "velocity": {
          "x": -0.0,
          "y": -0.0
        },
        "angular_velocity": 0,
        "width": 0,
        "length": 0
      },
      "controller": {
        "controller_name": "lane_follow_controller",
        "parameters": {
          "max_speed": 11.385726424936319
        }
      },
      "config": {
        "color": {
          "R": 0.17329315346763263,
          "G": 0.37048865878554826,
          "B": 0.052065871297530264
        }
      }
    },
    {
      "id": "npc1",
      "agent_type": "NPC",
      "model_name": "Hatchback",
      "init_state": {
        "position": {
          "x": 517.7132877251656,
          "y": 275.6711486056761
        },
        "heading": 3.963328731910949,
        "velocity": {
          "x": -0.0,
          "y": -0.0
        },
        "angular_velocity": 0,
        "width": 0,
        "length": 0
      },
      "controller": {
        "controller_name": "lane_follow_controller",
        "parameters": {
          "max_speed": 10.35501120578266
        }
      },
      "config": {
        "color": {
          "R": 0.9930401276040598,
          "G": 0.7651977371516221,
          "B": 0.9497969464151493
        }
      }
    },
    {
      "id": "ped0",
      "agent_type": "PEDESTRIAN",
      "model_name": "EntrepreneurFemale",
      "init_state": {
        "position": {
          "x": 470.79508919154046,
          "y": 176.8305625227375
        },
        "heading": 0.0,
        "velocity": {
          "x": 0,
          "y": 0
        },
        "angular_velocity": 0,
        "width": 0,
        "length": 0
      },
      "controller": {
        "controller_name": "single_destination_controller",
        "parameters": {
          "destination": {
            "x": 455.0117071093144,
            "y": 177.57047713706513
          },
          "speed": 2.986850473885738,
          "trigger_distance": 25.788940811368107
        }
      },
      "config": {}
    },
    {
      "id": "ped1",
      "agent_type": "PEDESTRIAN",
      "model_name": "Johny",
      "init_state": {
        "position": {
          "x": 471.04314486232636,
          "y": 179.78566193500623
        },
        "heading": 0.0,
        "velocity": {
          "x": 0,
          "y": 0
        },
        "angular_velocity": 0,
        "width": 0,
        "length": 0
      },
      "controller": {
        "controller_name": "single_destination_controller",
        "parameters": {
          "destination": {
            "x": 455.3485236805428,
            "y": 180.77715301689597
          },
          "speed": 2.1220279719287642,
          "trigger_distance": 10.29023253862065
        }
      },
      "config": {}
    },
    {
      "id": "ped2",
      "agent_type": "PEDESTRIAN",
      "model_name": "Howard",
      "init_state": {
        "position": {
          "x": 455.24126352362896,
          "y": 179.75597832591146
        },
        "heading": 0.0,
        "velocity": {
          "x": 0,
          "y": 0
        },
        "angular_velocity": 0,
        "width": 0,
        "length": 0
      },
      "controller": {
        "controller_name": "single_destination_controller",
        "parameters": {
          "destination": {
            "x": 470.2871101499545,
            "y": 170.7789832039518
          },
          "speed": 1.009528901970657,
          "trigger_distance": 35.346104949158544
        }
      },
      "config": {}
    }
  ],
  "static_items": [],
  "traffic_lights_control": [
    {
      "traffic_light": "signal_192",
      "init_color": "RED",
      "trigger_distance": 64.35985500926004,
      "yellow_light_time": 3
    },
    {
      "traffic_light": "signal_193",
      "init_color": "GREEN",
      "trigger_distance": 71.62988055735688,
      "yellow_light_time": 3
    },
    {
      "traffic_light": "signal_194",
      "init_color": "RED",
      "trigger_distance": 62.53926036632633,
      "yellow_light_time": 3
    }
  ],
  "record_traffic_lights": [
    "signal_193"
  ],
  "duration": 120,
  "time_step": 0.1,
  "aut_id": "aut"
}