{
  "simulator": "SVL",
  "simulator_config": {
    "addr": "127.0.0.1",
    "port": 8181
  },
  "map_name": "SanFrancisco",
  "weather": {
    "rain": 0.05188138951493593,
    "fog": 0.013470259548864416,
    "wetness": 0.28293668339419836,
    "cloudiness": 0.8210822560683668,
    "damage": 0.18176337213905194
  },
  "time_of_day": 12,
  "agents": [
    {
      "id": "aut",
      "agent_type": "EGO",
      "model_name": "Lincoln2017MKZ",
      "init_state": {
        "position": {
          "x": 558.4494491627325,
          "y": -652.2726519618222
        },
        "heading": 4.751318372976122,
        "velocity": {
          "x": 0.08406036282484863,
          "y": -2.1582123047600144
        },
        "angular_velocity": 0,
        "width": 0,
        "length": 0
      },
      "controller": {
        "controller_name": "apollo_controller",
        "parameters": {
          "destination": {
            "x": 781.3665425202313,
            "y": -594.3279793847032
          },
          "address": "localhost",
          "dreamview_port": 8888,
          "bridge_port": 9090,
          "enable_modules": [
            "Localization",
            "Transform",
            "Routing",
            "Prediction",
            "Planning",
            "Control"
          ]
        }
      },
      "config": {}
    },
    {
      "id": "npc0",
      "agent_type": "NPC",
      "model_name": "BoxTruck",
      "init_state": {
        "position": {
          "x": 573.3305062354374,
          "y": -736.8966691485239
        },
        "heading": 1.6156813485585388,
        "velocity": {
          "x": -0.0,
          "y": 0.0
        },
        "angular_velocity": 0,
        "width": 0,
        "length": 0
      },
      "controller": {
        "controller_name": "lane_follow_controller",
        "parameters": {
          "max_speed": 7.093792635470178
        }
      },
      "config": {
        "color": {
          "R": 0.35341871029994576,
          "G": 0.7316953297349238,
          "B": 0.992662738080582
        }
      }
    },
    {
      "id": "npc1",
      "agent_type": "NPC",
      "model_name": "SUV",
      "init_state": {
        "position": {
          "x": 568.7494290007323,
          "y": -722.2445588429634
        },
        "heading": 1.6116233683493097,
        "velocity": {
          "x": -0.0,
          "y": 0.0
        },
        "angular_velocity": 0,
        "width": 0,
        "length": 0
      },
      "controller": {
        "controller_name": "lane_follow_controller",
        "parameters": {
          "max_speed": 8.236817962885617
        }
      },
      "config": {
        "color": {
          "R": 0.4013101200590863,
          "G": 0.6827648848017932,
          "B": 0.6527343673413368
        }
      }
    }
  ],
  "static_items": [],
  "traffic_lights_control": [
    {
      "traffic_light": "signal_163",
      "init_color": "GREEN",
      "trigger_distance": 49.524861177998766,
      "yellow_light_time": 3
    },
    {
      "traffic_light": "signal_162",
      "init_color": "RED",
      "trigger_distance": 45.63654735279814,
      "yellow_light_time": 3
    },
    {
      "traffic_light": "signal_160",
      "init_color": "RED",
      "trigger_distance": 173.99244711346086,
      "yellow_light_time": 3
    }
  ],
  "record_traffic_lights": [
    "signal_163"
  ],
  "duration": 120,
  "time_step": 0.1,
  "aut_id": "aut"
}