{
  "simulator": "SVL",
  "simulator_config": {
    "addr": "127.0.0.1",
    "port": 8181
  },
  "map_name": "SanFrancisco",
  "weather": {
    "rain": 0.689802613508521,
    "fog": 0.8573133869436838,
    "wetness": 0.7464625195515595,
    "cloudiness": 0.7799715767698536,
    "damage": 0.15943102443391396
  },
  "time_of_day": 12,
  "agents": [
    {
      "id": "aut",
      "agent_type": "EGO",
      "model_name": "Lincoln2017MKZ",
      "init_state": {
        "position": {
          "x": 365.994537353316,
          "y": -0.020747421192889512
        },
        "heading": 8.944818420872491e-06,
        "velocity": {
          "x": 0.0,
          "y": 0.0
        },
        "angular_velocity": 0,
        "width": 0,
        "length": 0
      },
      "controller": {
        "controller_name": "apollo_controller",
        "parameters": {
          "destination": {
            "x": 446.7739562991442,
            "y": -3.5989970797763426
          },
          "address": "localhost",
          "dreamview_port": 8888,
          "bridge_port": 9090,
          "enable_modules": [
            "Localization",
            "Transform",
            "Routing",
            "Prediction",
            "Planning",
            "Control"
          ]
        }
      },
      "config": {}
    },
    {
      "id": "npc0",
      "agent_type": "NPC",
      "model_name": "Jeep",
      "init_state": {
        "position": {
          "x": 400.00115967093876,
          "y": 7.9895690937158115
        },
        "heading": 3.1416015507186366,
        "velocity": {
          "x": -0.0,
          "y": -0.0
        },
        "angular_velocity": 0,
        "width": 0,
        "length": 0
      },
      "controller": {
        "controller_name": "lane_follow_controller",
        "parameters": {
          "max_speed": 6.472110547533378
        }
      },
      "config": {
        "color": {
          "R": 0.27003902972024285,
          "G": 0.5503186322290748,
          "B": 0.6037672470676562
        }
      }
    },
    {
      "id": "npc1",
      "agent_type": "NPC",
      "model_name": "SchoolBus",
      "init_state": {
        "position": {
          "x": 400.0266418499715,
          "y": 4.219550882957247
        },
        "heading": 3.1416012775909716,
        "velocity": {
          "x": -0.0,
          "y": -0.0
        },
        "angular_velocity": 0,
        "width": 0,
        "length": 0
      },
      "controller": {
        "controller_name": "lane_follow_controller",
        "parameters": {
          "max_speed": 11.094326596749479
        }
      },
      "config": {
        "color": {
          "R": 0.11774812839732884,
          "G": 0.06968241639148276,
          "B": 0.25606953917866837
        }
      }
    },
    {
      "id": "npc2",
      "agent_type": "NPC",
      "model_name": "SUV",
      "init_state": {
        "position": {
          "x": 385.02664185052924,
          "y": 4.219421522945127
        },
        "heading": 3.1416012775909716,
        "velocity": {
          "x": -0.0,
          "y": -0.0
        },
        "angular_velocity": 0,
        "width": 0,
        "length": 0
      },
      "controller": {
        "controller_name": "lane_follow_controller",
        "parameters": {
          "max_speed": 6.7642836591794575
        }
      },
      "config": {
        "color": {
          "R": 0.15916841641340407,
          "G": 0.2213735094277921,
          "B": 0.40223104727139225
        }
      }
    },
    {
      "id": "npc3",
      "agent_type": "NPC",
      "model_name": "BoxTruck",
      "init_state": {
        "position": {
          "x": 380.97576904222467,
          "y": -3.599676676542773
        },
        "heading": 8.627373413581993e-06,
        "velocity": {
          "x": 0.0,
          "y": 0.0
        },
        "angular_velocity": 0,
        "width": 0,
        "length": 0
      },
      "controller": {
        "controller_name": "lane_follow_controller",
        "parameters": {
          "max_speed": 8.067686401816594
        }
      },
      "config": {
        "color": {
          "R": 0.12256200178747245,
          "G": 0.936009976907226,
          "B": 0.5835163701737485
        }
      }
    },
    {
      "id": "npc4",
      "agent_type": "NPC",
      "model_name": "SchoolBus",
      "init_state": {
        "position": {
          "x": 425.9757690399789,
          "y": -3.5992309781542158
        },
        "heading": 1.1246093035591804e-05,
        "velocity": {
          "x": 0.0,
          "y": 0.0
        },
        "angular_velocity": 0,
        "width": 0,
        "length": 0
      },
      "controller": {
        "controller_name": "lane_follow_controller",
        "parameters": {
          "max_speed": 14.715164636561106
        }
      },
      "config": {
        "color": {
          "R": 0.9999014933806759,
          "G": 0.5530770101056222,
          "B": 0.3562959411773322
        }
      }
    }
  ],
  "static_items": [],
  "traffic_lights_control": [
    {
      "traffic_light": "signal_187",
      "init_color": "RED",
      "trigger_distance": 67.20232164854562,
      "yellow_light_time": 3
    },
    {
      "traffic_light": "signal_59",
      "init_color": "RED",
      "trigger_distance": 83.07489336526882,
      "yellow_light_time": 3
    }
  ],
  "record_traffic_lights": [
    "signal_187"
  ],
  "duration": 120,
  "time_step": 0.1,
  "aut_id": "aut"
}