{
  "simulator": "SVL",
  "simulator_config": {
    "addr": "127.0.0.1",
    "port": 8181
  },
  "map_name": "SanFrancisco",
  "weather": {
    "rain": 0.05144742277773619,
    "fog": 0.10871698865181917,
    "wetness": 0.07701925335252922,
    "cloudiness": 0.7895664035514391,
    "damage": 0.7811691246397453
  },
  "time_of_day": 12,
  "agents": [
    {
      "id": "aut",
      "agent_type": "EGO",
      "model_name": "Lincoln2017MKZ",
      "init_state": {
        "position": {
          "x": -301.858204812081,
          "y": 21.37422100593364
        },
        "heading": 1.591767439597631,
        "velocity": {
          "x": -0.2837553078454064,
          "y": 13.528786571407876
        },
        "angular_velocity": 0,
        "width": 0,
        "length": 0
      },
      "controller": {
        "controller_name": "apollo_controller",
        "parameters": {
          "destination": {
            "x": -294.73013243881525,
            "y": 165.1284520436977
          },
          "address": "localhost",
          "dreamview_port": 8888,
          "bridge_port": 9090,
          "enable_modules": [
            "Localization",
            "Transform",
            "Routing",
            "Prediction",
            "Planning",
            "Control"
          ]
        }
      },
      "config": {}
    },
    {
      "id": "npc0",
      "agent_type": "NPC",
      "model_name": "Jeep",
      "init_state": {
        "position": {
          "x": -302.4872920830031,
          "y": 51.367624434113715
        },
        "heading": 1.591767439597631,
        "velocity": {
          "x": -0.0,
          "y": 0.0
        },
        "angular_velocity": 0,
        "width": 0,
        "length": 0
      },
      "controller": {
        "controller_name": "lane_follow_controller",
        "parameters": {
          "max_speed": 12.778527416382275
        }
      },
      "config": {
        "color": {
          "R": 0.9202979361331297,
          "G": 0.31795014176226155,
          "B": 0.8119278194328822
        }
      }
    },
    {
      "id": "npc1",
      "agent_type": "NPC",
      "model_name": "SUV",
      "init_state": {
        "position": {
          "x": -313.5893013779303,
          "y": 15.678723616275695
        },
        "heading": 1.5938710523327628,
        "velocity": {
          "x": -0.0,
          "y": 0.0
        },
        "angular_velocity": 0,
        "width": 0,
        "length": 0
      },
      "controller": {
        "controller_name": "lane_follow_controller",
        "parameters": {
          "max_speed": 11.175392601701358
        }
      },
      "config": {
        "color": {
          "R": 0.744018599759104,
          "G": 0.1821672949860229,
          "B": 0.18054828672310985
        }
      }
    },
    {
      "id": "npc2",
      "agent_type": "NPC",
      "model_name": "SUV",
      "init_state": {
        "position": {
          "x": -306.8774998147983,
          "y": 90.66170617674987
        },
        "heading": 1.5602297914795153,
        "velocity": {
          "x": 0.0,
          "y": 0.0
        },
        "angular_velocity": 0,
        "width": 0,
        "length": 0
      },
      "controller": {
        "controller_name": "lane_follow_controller",
        "parameters": {
          "max_speed": 8.173082397376534
        }
      },
      "config": {
        "color": {
          "R": 0.23420077133026296,
          "G": 0.776352368418142,
          "B": 0.0862718128257931
        }
      }
    },
    {
      "id": "npc3",
      "agent_type": "NPC",
      "model_name": "SUV",
      "init_state": {
        "position": {
          "x": -313.9353915468781,
          "y": 30.67473047126738
        },
        "heading": 1.5938710523327628,
        "velocity": {
          "x": -0.0,
          "y": 0.0
        },
        "angular_velocity": 0,
        "width": 0,
        "length": 0
      },
      "controller": {
        "controller_name": "lane_follow_controller",
        "parameters": {
          "max_speed": 8.31097575878187
        }
      },
      "config": {
        "color": {
          "R": 0.8588739517271785,
          "G": 0.7664685785849578,
          "B": 0.668097390503997
        }
      }
    },
    {
      "id": "npc4",
      "agent_type": "NPC",
      "model_name": "Hatchback",
      "init_state": {
        "position": {
          "x": -301.8138483646554,
          "y": 111.31748234296387
        },
        "heading": 1.4797081159168317,
        "velocity": {
          "x": 0.0,
          "y": 0.0
        },
        "angular_velocity": 0,
        "width": 0,
        "length": 0
      },
      "controller": {
        "controller_name": "lane_follow_controller",
        "parameters": {
          "max_speed": 11.552482882753743
        }
      },
      "config": {
        "color": {
          "R": 0.775543695260236,
          "G": 0.6428953948772886,
          "B": 0.0810425682628384
        }
      }
    },
    {
      "id": "npc5",
      "agent_type": "NPC",
      "model_name": "Hatchback",
      "init_state": {
        "position": {
          "x": -309.9753183210709,
          "y": 30.67473024550784
        },
        "heading": 1.5938715415632434,
        "velocity": {
          "x": -0.0,
          "y": 0.0
        },
        "angular_velocity": 0,
        "width": 0,
        "length": 0
      },
      "controller": {
        "controller_name": "lane_follow_controller",
        "parameters": {
          "max_speed": 5.3030387886687915
        }
      },
      "config": {
        "color": {
          "R": 0.06701771843950344,
          "G": 0.271895101165195,
          "B": 0.30418266686050976
        }
      }
    },
    {
      "id": "npc6",
      "agent_type": "NPC",
      "model_name": "BoxTruck",
      "init_state": {
        "position": {
          "x": -298.892168390864,
          "y": 149.9420112660676
        },
        "heading": 1.3107831532525491,
        "velocity": {
          "x": 0.0,
          "y": 0.0
        },
        "angular_velocity": 0,
        "width": 0,
        "length": 0
      },
      "controller": {
        "controller_name": "lane_follow_controller",
        "parameters": {
          "max_speed": 11.634371872917544
        }
      },
      "config": {
        "color": {
          "R": 0.2710098624345507,
          "G": 0.12381414517476597,
          "B": 0.7686935156878466
        }
      }
    },
    {
      "id": "npc7",
      "agent_type": "NPC",
      "model_name": "BoxTruck",
      "init_state": {
        "position": {
          "x": -311.01361083742523,
          "y": 75.66275030252393
        },
        "heading": 1.5938715415632434,
        "velocity": {
          "x": -0.0,
          "y": 0.0
        },
        "angular_velocity": 0,
        "width": 0,
        "length": 0
      },
      "controller": {
        "controller_name": "lane_follow_controller",
        "parameters": {
          "max_speed": 8.327558155216838
        }
      },
      "config": {
        "color": {
          "R": 0.5291115878944546,
          "G": 0.47527515504448437,
          "B": 0.587086590311715
        }
      }
    },
    {
      "id": "ped0",
      "agent_type": "PEDESTRIAN",
      "model_name": "Pamela",
      "init_state": {
        "position": {
          "x": -279.1359956268318,
          "y": 223.60367138986513
        },
        "heading": 0.0,
        "velocity": {
          "x": 0,
          "y": 0
        },
        "angular_velocity": 0,
        "width": 0,
        "length": 0
      },
      "controller": {
        "controller_name": "single_destination_controller",
        "parameters": {
          "destination": {
            "x": -262.79617122387594,
            "y": 217.49089656692345
          },
          "speed": 2.905504262592815,
          "trigger_distance": 32.24989344002121
        }
      },
      "config": {}
    },
    {
      "id": "ped1",
      "agent_type": "PEDESTRIAN",
      "model_name": "Presley",