{
  "simulator": "SVL",
  "simulator_config": {
    "addr": "127.0.0.1",
    "port": 8181
  },
  "map_name": "SanFrancisco",
  "weather": {
    "rain": 0.0,
    "fog": 0.0559732244881137,
    "wetness": 0.0,
    "cloudiness": 0.12456974938431037,
    "damage": 0.45937834038934666
  },
  "time_of_day": 12,
  "agents": [
    {
      "id": "aut",
      "agent_type": "EGO",
      "model_name": "Lincoln2017MKZ",
      "init_state": {
        "position": {
          "x": -309.6292208156195,
          "y": 15.67872355983581
        },
        "heading": 1.5938715415632434,
        "velocity": {
          "x": -0.03902569084948036,
          "y": 1.6909382808998266
        },
        "angular_velocity": 0,
        "width": 0,
        "length": 0
      },
      "controller": {
        "controller_name": "apollo_controller",
        "parameters": {
          "destination": {
            "x": -290.68955108508436,
            "y": 165.0691274206967
          },
          "address": "localhost",
          "dreamview_port": 8888,
          "bridge_port": 9090,
          "enable_modules": [
            "Localization",
            "Transform",
            "Routing",
            "Prediction",
            "Planning",
            "Control"
          ]
        }
      },
      "config": {}
    },
    {
      "id": "npc0",
      "agent_type": "NPC",
      "model_name": "Sedan",
      "init_state": {
        "position": {
          "x": -314.62757188477383,
          "y": 60.666744181250756
        },
        "heading": 1.5938710523327628,
        "velocity": {
          "x": -0.0,
          "y": 0.0
        },
        "angular_velocity": 0,
        "width": 0,
        "length": 0
      },
      "controller": {
        "controller_name": "lane_follow_controller",
        "parameters": {
          "max_speed": 12.025960657220075
        }
      },
      "config": {
        "color": {
          "R": 0.9828553741122467,
          "G": 0.6367355795324423,
          "B": 0.8944751528822495
        }
      }
    },
    {
      "id": "npc1",
      "agent_type": "NPC",
      "model_name": "Sedan",
      "init_state": {
        "position": {
          "x": -309.9753183210709,
          "y": 30.67473024550784
        },
        "heading": 1.5938715415632434,
        "velocity": {
          "x": -0.0,
          "y": 0.0
        },
        "angular_velocity": 0,
        "width": 0,
        "length": 0
      },
      "controller": {
        "controller_name": "lane_follow_controller",
        "parameters": {
          "max_speed": 13.440668046347126
        }
      },
      "config": {
        "color": {
          "R": 0.33025039733715134,
          "G": 0.5632034493834777,
          "B": 0.7667857379705143
        }
      }
    },
    {
      "id": "npc2",
      "agent_type": "NPC",
      "model_name": "SUV",
      "init_state": {
        "position": {
          "x": -314.9736620537217,
          "y": 75.66275103624244
        },
        "heading": 1.5938710523327628,
        "velocity": {
          "x": -0.0,
          "y": 0.0
        },
        "angular_velocity": 0,
        "width": 0,
        "length": 0
      },
      "controller": {
        "controller_name": "lane_follow_controller",
        "parameters": {
          "max_speed": 11.243989055542505
        }
      },
      "config": {
        "color": {
          "R": 0.14554500060927822,
          "G": 0.34997987714192136,
          "B": 0.35005494079997
        }
      }
    },
    {
      "id": "npc3",
      "agent_type": "NPC",
      "model_name": "BoxTruck",
      "init_state": {
        "position": {
          "x": -314.2906836088772,
          "y": 105.63985563329952
        },
        "heading": 1.4759492841017305,
        "velocity": {
          "x": 0.0,
          "y": 0.0
        },
        "angular_velocity": 0,
        "width": 0,
        "length": 0
      },
      "controller": {
        "controller_name": "lane_follow_controller",
        "parameters": {
          "max_speed": 6.159210593650894
        }
      },
      "config": {
        "color": {
          "R": 0.7084213277002003,
          "G": 0.5778144918498517,
          "B": 0.20604931512786484
        }
      }
    },
    {
      "id": "npc4",
      "agent_type": "NPC",
      "model_name": "Hatchback",
      "init_state": {
        "position": {
          "x": -313.5893013779303,
          "y": 15.678723616275695
        },
        "heading": 1.5938710523327628,
        "velocity": {
          "x": -0.0,
          "y": 0.0
        },
        "angular_velocity": 0,
        "width": 0,
        "length": 0
      },
      "controller": {
        "controller_name": "lane_follow_controller",
        "parameters": {
          "max_speed": 5.606445137889999
        }
      },
      "config": {
        "color": {
          "R": 0.48446965204114567,
          "G": 0.08172901826862511,
          "B": 0.7067671583214079
        }
      }
    },
    {
      "id": "npc5",
      "agent_type": "NPC",
      "model_name": "Jeep",
      "init_state": {
        "position": {
          "x": -302.8018357184642,
          "y": 66.36432614820374
        },
        "heading": 1.591767439597631,
        "velocity": {
          "x": -0.0,
          "y": 0.0
        },
        "angular_velocity": 0,
        "width": 0,
        "length": 0
      },
      "controller": {
        "controller_name": "lane_follow_controller",
        "parameters": {
          "max_speed": 6.336804291144381
        }
      },
      "config": {
        "color": {
          "R": 0.9481319913869657,
          "G": 0.8165371746745013,
          "B": 0.7410045281667155
        }
      }
    },
    {
      "id": "ped0",
      "agent_type": "PEDESTRIAN",
      "model_name": "EntrepreneurFemale",
      "init_state": {
        "position": {
          "x": -283.81338170691123,
          "y": 215.21142627992228
        },
        "heading": 0.0,
        "velocity": {
          "x": 0,
          "y": 0
        },
        "angular_velocity": 0,
        "width": 0,
        "length": 0
      },
      "controller": {
        "controller_name": "single_destination_controller",
        "parameters": {
          "destination": {
            "x": -265.1350540270758,
            "y": 214.40813446333337
          },
          "speed": 1.2217385251792319,
          "trigger_distance": 14.095176690784648
        }
      },
      "config": {}
    },
    {
      "id": "ped1",
      "agent_type": "PEDESTRIAN",
      "model_name": "Pamela",
      "init_state": {
        "position": {
          "x": -262.21733781906505,
          "y": 218.2538273483212
        },
        "heading": 0.0,
        "velocity": {
          "x": 0,
          "y": 0
        },
        "angular_velocity": 0,
        "width": 0,
        "length": 0
      },
      "controller": {
        "controller_name": "single_destination_controller",
        "parameters": {
          "destination": {
            "x": -282.25349740435695,
            "y": 218.0101970433495
          },
          "speed": 1.7569922535852764,
          "trigger_distance": 12.247676702078282
        }
      },
      "config": {}
    },
    {
      "id": "ped2",
      "agent_type": "PEDESTRIAN",
      "model_name": "Stephen",
      "init_state": {
        "position": {
          "x": -278.9691916873335,
          "y": 223.90295383557464
        },
        "heading": 0.0,
        "velocity": {
          "x": 0,
          "y": 0
        },
        "angular_velocity": 0,
        "width": 0,
        "length": 0
      },
      "controller": {
        "controller_name": "single_destination_controller",
        "parameters": {
          "destination": {
            "x": -264.70963950415734,
            "y": 214.9688516432518
          },
          "speed": 2.7709814294970325,
          "trigger_distance": 34.48110543479831
        }
      },
      "config": {}
    },
    {
      "id": "ped3",
      "agent_type": "PEDESTRIAN",
      "model_name": "Howard",